orderrefrence,description,supplier,bl_no,ship_coy,container,size,etd,eta,status
20190119833,47UNITS OF MOTOR VEHICLES IN CBU,VOLVO INTERNATIONAL CO.,HDGLCNNG0347891,GLOVIS,TRUCKS,U,18-Jun-20,15-Sep-20,Received
20190119833,60 UNITS OF MOTOR VEHICLES IN SKD,VOLVO INTERNATIONAL CO.,MAEU597176841,MAERSK,MSKU8663767,40ft,12-Jul-20,19-Sep-20,Received
20190119833,60 UNITS OF MOTOR VEHICLES IN SKD,VOLVO INTERNATIONAL CO.,MAEU597176841,MAERSK,MRSU3362036,40ft,12-Jul-20,19-Sep-20,Received
20190119833,60 UNITS OF MOTOR VEHICLES IN SKD,VOLVO INTERNATIONAL CO.,MAEU597176841,MAERSK,MRKU2702680,40ft,12-Jul-20,19-Sep-20,Received
20190119833,60 UNITS OF MOTOR VEHICLES IN SKD,VOLVO INTERNATIONAL CO.,MAEU597176841,MAERSK,MSKU8516051,40ft,12-Jul-20,19-Sep-20,Received
20190119833,60 UNITS OF MOTOR VEHICLES IN SKD,VOLVO INTERNATIONAL CO.,MAEU597176841,MAERSK,MRKU4248982,40ft,12-Jul-20,19-Sep-20,Received
20190119833,60 UNITS OF MOTOR VEHICLES IN SKD,VOLVO INTERNATIONAL CO.,MAEU597176841,MAERSK,MSKU9619162,40ft,12-Jul-20,19-Sep-20,Received
20190119833,60 UNITS OF MOTOR VEHICLES IN SKD,VOLVO INTERNATIONAL CO.,MAEU597176841,MAERSK,PONU7225452,40ft,12-Jul-20,19-Sep-20,Received
20190119833,60 UNITS OF MOTOR VEHICLES IN SKD,VOLVO INTERNATIONAL CO.,MAEU597176841,MAERSK,PONU7987308,40ft,12-Jul-20,19-Sep-20,Received
20190119833,60 UNITS OF MOTOR VEHICLES IN SKD,VOLVO INTERNATIONAL CO.,MAEU597176841,MAERSK,MRKU6357283,40ft,12-Jul-20,19-Sep-20,Received
20190119833,60 UNITS OF MOTOR VEHICLES IN SKD,VOLVO INTERNATIONAL CO.,MAEU597176841,MAERSK,MRSU3644209,40ft,12-Jul-20,19-Sep-20,Received
20190119833,60 UNITS OF MOTOR VEHICLES IN SKD,VOLVO INTERNATIONAL CO.,MAEU597176841,MAERSK,PONU7977090,40ft,12-Jul-20,19-Sep-20,Received
20190119833,60 UNITS OF MOTOR VEHICLES IN SKD,VOLVO INTERNATIONAL CO.,MAEU597176841,MAERSK,MSKU0300404,40ft,12-Jul-20,19-Sep-20,Received
20190119833,60 UNITS OF MOTOR VEHICLES IN SKD,VOLVO INTERNATIONAL CO.,MAEU597176841,MAERSK,MRSU3156375,40ft,12-Jul-20,19-Sep-20,Received
20190119833,60 UNITS OF MOTOR VEHICLES IN SKD,VOLVO INTERNATIONAL CO.,MAEU597176841,MAERSK,FCIU8841966,40ft,12-Jul-20,19-Sep-20,Received
20190119833,60 UNITS OF MOTOR VEHICLES IN SKD,VOLVO INTERNATIONAL CO.,MAEU597176841,MAERSK,MRKU5415641,40ft,12-Jul-20,19-Sep-20,Received
20190119833,60 UNITS OF MOTOR VEHICLES IN SKD,VOLVO INTERNATIONAL CO.,MAEU597176841,MAERSK,TCNU2564710,40ft,12-Jul-20,19-Sep-20,Received
20190119833,60 UNITS OF MOTOR VEHICLES IN SKD,VOLVO INTERNATIONAL CO.,MAEU597176841,MAERSK,PONU7460493,40ft,12-Jul-20,19-Sep-20,Received
20190119833,60 UNITS OF MOTOR VEHICLES IN SKD,VOLVO INTERNATIONAL CO.,MAEU597176841,MAERSK,MSKU0288124,40ft,12-Jul-20,19-Sep-20,Received
20190119833,60 UNITS OF MOTOR VEHICLES IN SKD,VOLVO INTERNATIONAL CO.,MAEU597176841,MAERSK,SUDU6953077,40ft,12-Jul-20,19-Sep-20,Received
20190119833,12 UNITS OF MOTOR VEHICLES CBU,VOLVO INTERNATIONAL CO.,MOLU18001487711,MOL,TRUCK,U,16-Jul-20,24-Sep-20,Received
20190119833,60 UNITS OF MOTOR VEHICLES IN SKD,VOLVO INTERNATIONAL CO.,MAEU239964736,MAERSK,TCNU5877868,40ft,30-Aug-20,04-Nov-20,Received
20190119833,60 UNITS OF MOTOR VEHICLES IN SKD,VOLVO INTERNATIONAL CO.,MAEU239964736,MAERSK,MSKU0385865,40ft,30-Aug-20,04-Nov-20,Received
20190119833,60 UNITS OF MOTOR VEHICLES IN SKD,VOLVO INTERNATIONAL CO.,MAEU239964736,MAERSK,TCNU2739633,40ft,30-Aug-20,04-Nov-20,Received
20190119833,60 UNITS OF MOTOR VEHICLES IN SKD,VOLVO INTERNATIONAL CO.,MAEU239964736,MAERSK,MSKU8904967,40ft,30-Aug-20,04-Nov-20,Received
20190119833,60 UNITS OF MOTOR VEHICLES IN SKD,VOLVO INTERNATIONAL CO.,MAEU239964736,MAERSK,HASU4694077,40ft,30-Aug-20,04-Nov-20,Received
20190119833,60 UNITS OF MOTOR VEHICLES IN SKD,VOLVO INTERNATIONAL CO.,MAEU239964736,MAERSK,MSKU9280280,40ft,30-Aug-20,04-Nov-20,Received
20190119833,60 UNITS OF MOTOR VEHICLES IN SKD,VOLVO INTERNATIONAL CO.,MAEU239964736,MAERSK,MSKU1772513,40ft,30-Aug-20,04-Nov-20,Received
20190119833,60 UNITS OF MOTOR VEHICLES IN SKD,VOLVO INTERNATIONAL CO.,MAEU239964736,MAERSK,MSKU1718195,40ft,30-Aug-20,04-Nov-20,Received
20190119833,60 UNITS OF MOTOR VEHICLES IN SKD,VOLVO INTERNATIONAL CO.,MAEU239964736,MAERSK,MRKU3613334,40ft,30-Aug-20,04-Nov-20,Received
20190119833,60 UNITS OF MOTOR VEHICLES IN SKD,VOLVO INTERNATIONAL CO.,MAEU239964736,MAERSK,TCNU5203449,40ft,30-Aug-20,04-Nov-20,Received
20190119833,60 UNITS OF MOTOR VEHICLES IN SKD,VOLVO INTERNATIONAL CO.,MAEU239964736,MAERSK,TCKU7488984,40ft,30-Aug-20,04-Nov-20,Received
20190119833,60 UNITS OF MOTOR VEHICLES IN SKD,VOLVO INTERNATIONAL CO.,MAEU239964736,MAERSK,TCNU5491880,40ft,30-Aug-20,04-Nov-20,Received
20190119833,60 UNITS OF MOTOR VEHICLES IN SKD,VOLVO INTERNATIONAL CO.,MAEU239964736,MAERSK,BEAU5222841,40ft,30-Aug-20,04-Nov-20,Received
20190119833,60 UNITS OF MOTOR VEHICLES IN SKD,VOLVO INTERNATIONAL CO.,MAEU239964736,MAERSK,TCKU7492243,40ft,30-Aug-20,04-Nov-20,Received
20190119833,60 UNITS OF MOTOR VEHICLES IN SKD,VOLVO INTERNATIONAL CO.,MAEU239964736,MAERSK,TCLU9734390,40ft,30-Aug-20,04-Nov-20,Received
20190119833,60 UNITS OF MOTOR VEHICLES IN SKD,VOLVO INTERNATIONAL CO.,MAEU239964736,MAERSK,TCKU7488264,40ft,30-Aug-20,04-Nov-20,Received
20190119833,60 UNITS OF MOTOR VEHICLES IN SKD,VOLVO INTERNATIONAL CO.,MAEU239964736,MAERSK,PONU7354022,40ft,30-Aug-20,04-Nov-20,Received
20190119833,60 UNITS OF MOTOR VEHICLES IN SKD,VOLVO INTERNATIONAL CO.,MAEU239964736,MAERSK,TCNU4226590,40ft,30-Aug-20,04-Nov-20,Received
20190119833,60 UNITS OF MOTOR VEHICLES IN SKD,VOLVO INTERNATIONAL CO.,MAEU239964736,MAERSK,MRKU5034780,40ft,30-Aug-20,04-Nov-20,Received
20200021479,3122 PIECES OF WATER SEPARATION,GREENLAND HOLDINGS CORP. LTD.,L08-062522/MAEU203184554,MAERSK,MRKU8369529,20ft,08-Jun-20,15-Oct-20,Received
20200032124,SPARES FOR USED GAS GENERATORS,GREENLAND HOLDINGS CORP. LTD.,S318831396,GRIMALDI,ACLU9711159,40ft,06-Aug-20,18-Sep-20,Received
20200032124,SPARES FOR USED GAS GENERATORS,GREENLAND HOLDINGS CORP. LTD.,S318831396,GRIMALDI,ACLU9721820,40ft,06-Aug-20,18-Sep-20,Received
20200032124,SPARES FOR USED GAS GENERATORS,GREENLAND HOLDINGS CORP. LTD.,S318831396,GRIMALDI,ACLU9652400,40ft,06-Aug-20,18-Sep-20,Received
20200038718,1144295 NOS OF. VARIOUS ELECTRICAL,"HAIER SMART HOME CO., LTD.",MAEU239952014,MAERSK,PONU0951242,20ft,18-Aug-20,15-Oct-20,Received
20200040761,Model Tools & Other Equipments,"HAIER SMART HOME CO., LTD.",MAEU204722748,MAERSK,MSKU4275721,20ft,13-Sep-20,14-Nov-20,Received
20200057091,34 UNITS OF TRANSFORMERS,"HAIER SMART HOME CO., LTD.",S318691874,GRIMALDI,ACLU2190613,40ft,06-Aug-20,18-Sep-20,Received
20200057091,35 UNITS OF TRANSFORMERS,"HAIER SMART HOME CO., LTD.",S318691874,GRIMALDI,GCNU5010766,40ft,06-Aug-20,18-Sep-20,Received
20200057091,36 UNITS OF TRANSFORMERS,"HAIER SMART HOME CO., LTD.",S318691874,GRIMALDI,ACLU4087707,40ft,06-Aug-20,18-Sep-20,Received
20200057091,37 UNITS OF TRANSFORMERS,"HAIER SMART HOME CO., LTD.",ISB0546475,CMA,SEGU7300626,40ft,26-Nov-20,29-Dec-20,Received
20200046527,6 UNITS OF PARKING EQUIPMENT,"HAIER SMART HOME CO., LTD.",ONEYPTA0PY5216800,ONE,CAXU3298551,20ft,31-Jul-20,17-Sep-20,Received
20200047978,RAW MATERIALS FOR PRODUCTION OF FACE MASKS,"FAW JIEFANG GROUP CO., LTD.",XMMX00691800,PIL,PCIU8669121,40ft,20-Jun-20,22-Sep-20,Received
20200047978,RAW MATERIALS FOR PRODUCTION OF FACE MASKS,"FAW JIEFANG GROUP CO., LTD.",XMMX00691800,PIL,PCIU9167576,40ft,20-Jun-20,22-Sep-20,Received
20200047978,RAW MATERIALS FOR PRODUCTION OF FACE MASKS,"FAW JIEFANG GROUP CO., LTD.",XMMX00691800,PIL,BSIU8008617,40ft,20-Jun-20,22-Sep-20,Received
20200047978,RAW MATERIALS FOR PRODUCTION OF FACE MASKS,"FAW JIEFANG GROUP CO., LTD.",XMMX00691800,PIL,GLDU9065472,40ft,20-Jun-20,22-Sep-20,Received
20200047978,RAW MATERIALS FOR PRODUCTION OF FACE MASKS,"FAW JIEFANG GROUP CO., LTD.",XMMX00691800,PIL,PCIU9255379,40ft,20-Jun-20,22-Sep-20,Received
20200047978,RAW MATERIALS FOR PRODUCTION OF FACE MASKS,"FAW JIEFANG GROUP CO., LTD.",XMMX00691800,PIL,PCIU9016055,40ft,20-Jun-20,22-Sep-20,Received
20200047978,RAW MATERIALS FOR PRODUCTION OF FACE MASKS,"FAW JIEFANG GROUP CO., LTD.",XMMX00691800,PIL,PCIU1255006,20ft,20-Jun-20,22-Sep-20,Received
20200063172,3Units EMGRAND 7 EV White & VERTICAL AC CHARGING EQUIP,"CHINA VANKE CO., LTD.",MOLU18001487769,MOL/CROSS MARINE,Truck,U,16-Jul-20,24-Sep-20,Received
20200066499,"48000M OF VARIOUS CABLE FLEXIBLE CABLE, EARTH",CHINA UNITED NETWORK COMMUNICATIONS LTD.,MAEU204582058,MAERSK,TRHU2681480,20ft,31-Aug-20,17-Oct-20,Received
20200067404,6000KGS OF RAW MATERIALS FOR FACE MASK MAKING,CHINA STATE CONSTRUCTION ENGINEERING CORP. LTD.,SHCS00162500,PIL,PCIU0106707,20ft,16-Jul-20,19-Sep-20,Received
20200069368,VARIOUS MOTOR SPARE,CHINA SOUTHERN AIRLINES CO. LTD.,OOLU410865331,OOCL,OOCU8234794,40ft,22-Aug-20,30-Sep-20,Received
20200069368,VARIOUS MOTOR SPARE,"CHINA GEZHOUBA GROUP CO., LTD.",OOLU410865331,OOCL,OOCU8230269,40ft,22-Aug-20,30-Sep-20,Received
20200069425,VARIOUS MOTOR SPARE,"BOE TECHNOLOGY GROUP CO., LTD.",OOLU410865330,OOCL,OOCU8234794,40ft,22-Aug-20,30-Sep-20,Received
20200069425,VARIOUS MOTOR SPARE,"BOE TECHNOLOGY GROUP CO., LTD.",OOLU410865330,OOCL,OOCU8230269,40ft,22-Aug-20,30-Sep-20,Received
20200007040,4UNITS TRACTORS,MIDEA GROUP CO. LTD.,HLCUXM12008ARSE0,HAPAG,HLBU2699740,40ft,24-Aug-20,27-Nov-20,Received
20200007040,4UNITS TRACTORS,MIDEA GROUP CO. LTD.,HLCUXM12008ARSE0,HAPAG,HLBU2007380,40ft,24-Aug-20,27-Nov-20,Received
20200007040,4UNITS TRACTORS,MIDEA GROUP CO. LTD.,HLCUXM12008ARSE0,HAPAG,BEAU4163301,40ft,24-Aug-20,27-Nov-20,Received
20200007040,4UNITS TRACTORS,MIDEA GROUP CO. LTD.,HLCUXM12008ARSE0,HAPAG,TCNU8171598,40ft,24-Aug-20,27-Nov-20,Received
20200007040,4UNITS TRACTORS,MIDEA GROUP CO. LTD.,HLCUXM12010APHM1,HAPAG,HLXU8406174,40ft,28-Oct-20,27-Dec-20,Received
20200007040,4UNITS TRACTORS,MIDEA GROUP CO. LTD.,HLCUXM12010APHM1,HAPAG,SLSU8037727,40ft,28-Oct-20,27-Dec-20,Received
20200007035,4UNITS TRACTORS,MIDEA GROUP CO. LTD.,HDGLKRNG0363231,GLOVIS,TRUCK,U,29-Sep-20,15-Jan-21,Received
20200030670,153 UNITS OF P15 SUV IN STD SKD,"CHINA GRAND AUTOMOTIVE SERVICES GROUP CO., LTD.",MAEU240092132,MAERSK,FFAU1695501,40ft,27-Sep-20,04-Dec-20,Received
20200030670,154 UNITS OF P15 SUV IN STD SKD,"CHINA GRAND AUTOMOTIVE SERVICES GROUP CO., LTD.",MAEU240092132,MAERSK,FFAU1695625,40ft,27-Sep-20,04-Dec-20,Received
20200030670,155 UNITS OF P15 SUV IN STD SKD,"CHINA GRAND AUTOMOTIVE SERVICES GROUP CO., LTD.",MAEU240092132,MAERSK,MAGU5315880,40ft,27-Sep-20,04-Dec-20,Received
20200030670,156 UNITS OF P15 SUV IN STD SKD,"CHINA GRAND AUTOMOTIVE SERVICES GROUP CO., LTD.",MAEU240092132,MAERSK,MAGU5435530,40ft,27-Sep-20,04-Dec-20,Received
20200030670,157 UNITS OF P15 SUV IN STD SKD,"CHINA GRAND AUTOMOTIVE SERVICES GROUP CO., LTD.",MAEU240092132,MAERSK,MRKU4011861,40ft,27-Sep-20,04-Dec-20,Received
20200030670,158 UNITS OF P15 SUV IN STD SKD,"CHINA GRAND AUTOMOTIVE SERVICES GROUP CO., LTD.",MAEU240092132,MAERSK,MRKU4219460,40ft,27-Sep-20,04-Dec-20,Received
20200030670,159 UNITS OF P15 SUV IN STD SKD,"CHINA GRAND AUTOMOTIVE SERVICES GROUP CO., LTD.",MAEU240092132,MAERSK,MRKU4228564,40ft,27-Sep-20,04-Dec-20,Received
20200030670,160 UNITS OF P15 SUV IN STD SKD,"CHINA GRAND AUTOMOTIVE SERVICES GROUP CO., LTD.",MAEU240092132,MAERSK,MRKU4615584,40ft,27-Sep-20,04-Dec-20,Received
20200030670,161 UNITS OF P15 SUV IN STD SKD,"CHINA GRAND AUTOMOTIVE SERVICES GROUP CO., LTD.",MAEU240092132,MAERSK,MRKU4899346,40ft,27-Sep-20,04-Dec-20,Received
20200030670,162 UNITS OF P15 SUV IN STD SKD,"CHINA GRAND AUTOMOTIVE SERVICES GROUP CO., LTD.",MAEU240092132,MAERSK,MRSU3329357,40ft,27-Sep-20,04-Dec-20,Received
20200030670,163 UNITS OF P15 SUV IN STD SKD,"CHINA GRAND AUTOMOTIVE SERVICES GROUP CO., LTD.",MAEU240092132,MAERSK,MSKU0174559,40ft,27-Sep-20,04-Dec-20,Received
20200030670,164 UNITS OF P15 SUV IN STD SKD,"CHINA GRAND AUTOMOTIVE SERVICES GROUP CO., LTD.",MAEU240092132,MAERSK,MSKU8226807,40ft,27-Sep-20,04-Dec-20,Received
20200030670,165 UNITS OF P15 SUV IN STD SKD,"CHINA GRAND AUTOMOTIVE SERVICES GROUP CO., LTD.",MAEU240092132,MAERSK,MSKU9003156,40ft,27-Sep-20,04-Dec-20,Received
20200030670,166 UNITS OF P15 SUV IN STD SKD,"CHINA GRAND AUTOMOTIVE SERVICES GROUP CO., LTD.",MAEU240092132,MAERSK,MSKU9152870,40ft,27-Sep-20,04-Dec-20,Received
20200030670,167 UNITS OF P15 SUV IN STD SKD,"CHINA GRAND AUTOMOTIVE SERVICES GROUP CO., LTD.",MAEU240092132,MAERSK,MSKU9220700,40ft,27-Sep-20,04-Dec-20,Received
20200030670,168 UNITS OF P15 SUV IN STD SKD,"CHINA GRAND AUTOMOTIVE SERVICES GROUP CO., LTD.",MAEU240092132,MAERSK,MSKU9470058,40ft,27-Sep-20,04-Dec-20,Received
20200030670,169 UNITS OF P15 SUV IN STD SKD,"CHINA GRAND AUTOMOTIVE SERVICES GROUP CO., LTD.",MAEU240092132,MAERSK,PONU7793560,40ft,27-Sep-20,04-Dec-20,Received
20200030670,170 UNITS OF P15 SUV IN STD SKD,"CHINA GRAND AUTOMOTIVE SERVICES GROUP CO., LTD.",MAEU240092132,MAERSK,SUDU5883890,40ft,27-Sep-20,04-Dec-20,Received
20200030670,171 UNITS OF P15 SUV IN STD SKD,"CHINA GRAND AUTOMOTIVE SERVICES GROUP CO., LTD.",MAEU240092132,MAERSK,TCKU7029964,40ft,27-Sep-20,04-Dec-20,Received
20200030670,172 UNITS OF P15 SUV IN STD SKD,"CHINA GRAND AUTOMOTIVE SERVICES GROUP CO., LTD.",MAEU240092132,MAERSK,TCKU7035437,40ft,27-Sep-20,04-Dec-20,Received
20200030670,173 UNITS OF P15 SUV IN STD SKD,"CHINA GRAND AUTOMOTIVE SERVICES GROUP CO., LTD.",MAEU240092132,MAERSK,TCKU7036222,40ft,27-Sep-20,04-Dec-20,Received
20200030670,174 UNITS OF P15 SUV IN STD SKD,"CHINA GRAND AUTOMOTIVE SERVICES GROUP CO., LTD.",MAEU240092132,MAERSK,TCKU7036686,40ft,27-Sep-20,04-Dec-20,Received
20200030670,175 UNITS OF P15 SUV IN STD SKD,"CHINA GRAND AUTOMOTIVE SERVICES GROUP CO., LTD.",MAEU240092132,MAERSK,TCKU7522543,40ft,27-Sep-20,04-Dec-20,Received
20200030670,176 UNITS OF P15 SUV IN STD SKD,"CHINA GRAND AUTOMOTIVE SERVICES GROUP CO., LTD.",MAEU240092132,MAERSK,TCKU7522883,40ft,27-Sep-20,04-Dec-20,Received
20200030670,177 UNITS OF P15 SUV IN STD SKD,"CHINA GRAND AUTOMOTIVE SERVICES GROUP CO., LTD.",MAEU240092132,MAERSK,TCKU7527890,40ft,27-Sep-20,04-Dec-20,Received
20200030670,178 UNITS OF P15 SUV IN STD SKD,"CHINA GRAND AUTOMOTIVE SERVICES GROUP CO., LTD.",MAEU240092132,MAERSK,TCKU7602309,40ft,27-Sep-20,04-Dec-20,Received
20200030670,179 UNITS OF P15 SUV IN STD SKD,"CHINA GRAND AUTOMOTIVE SERVICES GROUP CO., LTD.",MAEU240092132,MAERSK,TCKU7744258,40ft,27-Sep-20,04-Dec-20,Received
20200030670,180 UNITS OF P15 SUV IN STD SKD,"CHINA GRAND AUTOMOTIVE SERVICES GROUP CO., LTD.",MAEU240092132,MAERSK,TCLU8651964,40ft,27-Sep-20,04-Dec-20,Received
20200030670,181 UNITS OF P15 SUV IN STD SKD,"CHINA GRAND AUTOMOTIVE SERVICES GROUP CO., LTD.",MAEU240092132,MAERSK,TCLU8742982,40ft,27-Sep-20,04-Dec-20,Received
20200030670,182 UNITS OF P15 SUV IN STD SKD,"CHINA GRAND AUTOMOTIVE SERVICES GROUP CO., LTD.",MAEU240092132,MAERSK,TCLU8867850,40ft,27-Sep-20,04-Dec-20,Received
20200030670,183 UNITS OF P15 SUV IN STD SKD,"CHINA GRAND AUTOMOTIVE SERVICES GROUP CO., LTD.",MAEU240092132,MAERSK,TCNU5125393,40ft,27-Sep-20,04-Dec-20,Received
20200030670,184 UNITS OF P15 SUV IN STD SKD,"CHINA GRAND AUTOMOTIVE SERVICES GROUP CO., LTD.",MAEU240092132,MAERSK,TCNU5681392,40ft,27-Sep-20,04-Dec-20,Received
20200030670,185 UNITS OF P15 SUV IN STD SKD,"CHINA GRAND AUTOMOTIVE SERVICES GROUP CO., LTD.",MAEU240092132,MAERSK,TCNU5746960,40ft,27-Sep-20,04-Dec-20,Received
20200030670,186 UNITS OF P15 SUV IN STD SKD,"CHINA GRAND AUTOMOTIVE SERVICES GROUP CO., LTD.",MAEU240092132,MAERSK,TCNU6126476,40ft,27-Sep-20,04-Dec-20,Received
20200030670,187 UNITS OF P15 SUV IN STD SKD,"CHINA GRAND AUTOMOTIVE SERVICES GROUP CO., LTD.",MAEU240092132,MAERSK,TCNU6359626,40ft,27-Sep-20,04-Dec-20,Received
20200030670,188 UNITS OF P15 SUV IN STD SKD,"CHINA GRAND AUTOMOTIVE SERVICES GROUP CO., LTD.",MAEU240092132,MAERSK,TCNU6635133,40ft,27-Sep-20,04-Dec-20,Received
20200030670,189 UNITS OF P15 SUV IN STD SKD,"CHINA GRAND AUTOMOTIVE SERVICES GROUP CO., LTD.",MAEU240092132,MAERSK,TCNU6936862,40ft,27-Sep-20,04-Dec-20,Received
20200030670,190 UNITS OF P15 SUV IN STD SKD,"CHINA GRAND AUTOMOTIVE SERVICES GROUP CO., LTD.",MAEU240092132,MAERSK,TCNU7096519,40ft,27-Sep-20,04-Dec-20,Received
20200030670,191 UNITS OF P15 SUV IN STD SKD,"CHINA GRAND AUTOMOTIVE SERVICES GROUP CO., LTD.",MAEU240092132,MAERSK,TCNU7460826,40ft,27-Sep-20,04-Dec-20,Received
20200030670,192 UNITS OF P15 SUV IN STD SKD,"CHINA GRAND AUTOMOTIVE SERVICES GROUP CO., LTD.",MAEU240092132,MAERSK,TCNU7536789,40ft,27-Sep-20,04-Dec-20,Received
20200030670,193 UNITS OF P15 SUV IN STD SKD,"CHINA GRAND AUTOMOTIVE SERVICES GROUP CO., LTD.",MAEU240092132,MAERSK,TCNU8274256,40ft,27-Sep-20,04-Dec-20,Received
20200030670,194 UNITS OF P15 SUV IN STD SKD,"CHINA GRAND AUTOMOTIVE SERVICES GROUP CO., LTD.",MAEU240092132,MAERSK,TCNU8617798,40ft,27-Sep-20,04-Dec-20,Received
20200030670,195 UNITS OF P15 SUV IN STD SKD,"CHINA GRAND AUTOMOTIVE SERVICES GROUP CO., LTD.",MAEU240092132,MAERSK,TCNU8712178,40ft,27-Sep-20,04-Dec-20,Received
20200030670,196 UNITS OF P15 SUV IN STD SKD,"CHINA GRAND AUTOMOTIVE SERVICES GROUP CO., LTD.",MAEU240092132,MAERSK,TCNU8866640,40ft,27-Sep-20,04-Dec-20,Received
20200030670,197 UNITS OF P15 SUV IN STD SKD,"CHINA GRAND AUTOMOTIVE SERVICES GROUP CO., LTD.",MAEU240092132,MAERSK,TCNU9799531,40ft,27-Sep-20,04-Dec-20,Received
20200030670,198 UNITS OF P15 SUV IN STD SKD,"CHINA GRAND AUTOMOTIVE SERVICES GROUP CO., LTD.",MAEU240092132,MAERSK,TEMU6851786,40ft,27-Sep-20,04-Dec-20,Received
20200030670,199 UNITS OF P15 SUV IN STD SKD,"CHINA GRAND AUTOMOTIVE SERVICES GROUP CO., LTD.",MAEU240092132,MAERSK,TEMU7466737,40ft,27-Sep-20,04-Dec-20,Received
20200030317,114UNITS RAYWIN YORC CKD,"SHANGHAI PUDONG DEVELOPMENT BANK CO., LTD.",MAEU240091732,MAERSK,MSKU9140082,40ft,28-Aug-20,12-Nov-20,Received
20200030317,114UNITS RAYWIN YORC CKD,"SHANGHAI PUDONG DEVELOPMENT BANK CO., LTD.",MAEU240091732,MAERSK,TCNU6137110,40ft,28-Aug-20,12-Nov-20,Received
20200030317,159UNITS RAYWIN YORC CKD,"SHANGHAI PUDONG DEVELOPMENT BANK CO., LTD.",MAEU240655286,MAERSK,MRKU4274929,40ft,02-Nov-20,30-Dec-20,Received
20200030317,159UNITS RAYWIN YORC CKD,"SHANGHAI PUDONG DEVELOPMENT BANK CO., LTD.",MAEU240655286,MAERSK,PONU7466932,40ft,02-Nov-20,30-Dec-20,Received
20200030317,159UNITS RAYWIN YORC CKD,"SHANGHAI PUDONG DEVELOPMENT BANK CO., LTD.",MAEU240655286,MAERSK,MRKU3559629,40ft,02-Nov-20,30-Dec-20,Received
20200044842,PP NON-WOVEN SPUN BOND 20KG OR 25KG BLUE & WHITE,XIAMEN CD INC.,MAEU205822244,MAERSK,TRHU4810890,40ft,30-Oct-20,12-Jan-21,Received
20200044842,PP NON-WOVEN SPUN BOND 20KG OR 25KG BLUE & WHITE,XIAMEN CD INC.,MAEU205822244,MAERSK,TRHU4813760,40ft,30-Oct-20,12-Jan-21,Received
20200044842,PP NON-WOVEN SPUN BOND 20KG OR 25KG BLUE & WHITE,XIAMEN CD INC.,MAEU205822244,MAERSK,TRHU4811155,40ft,30-Oct-20,12-Jan-21,Received
20200044842,PP NON-WOVEN SPUN BOND 20KG OR 25KG BLUE & WHITE,XIAMEN CD INC.,MAEU205822244,MAERSK,TRHU4812887,40ft,30-Oct-20,12-Jan-21,Received
20200044842,PP NON-WOVEN SPUN BOND 20KG OR 25KG BLUE & WHITE,XIAMEN CD INC.,MAEU205822244,MAERSK,TRHU4811290,40ft,30-Oct-20,12-Jan-21,Received
20200044842,NON-WOVEN SPUN BOND,XIAMEN CD INC.,MAEU205822244,MAERSK,TRHU4811900,40ft,30-Oct-20,12-Jan-21,Received
20200004079,VARIOUS SIZES OF COPPER BAF,"SUNING.COM CO., LTD.",EDP0125433,CMA,CMAU0387527,20ft,26-Oct-20,30-Dec-20,Received
20200045722,7151 M2 OF VARIOUS SIZES OF TILE CUBE,"S.F. HOLDING CO., LTD.",COSU6276748750,COSCO,CSLU2334226,20ft,03-Oct-20,19-Dec-20,Received
20200045722,7151 M2 OF VARIOUS SIZES OF TILE CUBE,"S.F. HOLDING CO., LTD.",COSU6276748750,COSCO,CSLU2347028,20ft,03-Oct-20,19-Dec-20,Received
20200045722,7151 M2 OF VARIOUS SIZES OF TILE CUBE,"S.F. HOLDING CO., LTD.",COSU6276748750,COSCO,FCIU4763715,20ft,03-Oct-20,19-Dec-20,Received
20200061821,WAFER BISCUIT PRODUCTION LINE SH-R75,"JOINTOWN PHARMACEUTICAL GROUP CO., LTD.",HLCUZS12008AQDF4,HAPAG,SEGU5466372,40ft,01-Sep-20,15-Nov-20,Received
20200061821,WAFER BISCUIT PRODUCTION LINE SH-R75,"JOINTOWN PHARMACEUTICAL GROUP CO., LTD.",HLCUZS12008AQDF4,HAPAG,FFAU2043365,40ft,01-Sep-20,15-Nov-20,Received
20200061821,WAFER BISCUIT PRODUCTION LINE SH-R75,"JOINTOWN PHARMACEUTICAL GROUP CO., LTD.",HLCUZS12008AQDF4,HAPAG,HLBU2380943,40ft,01-Sep-20,15-Nov-20,Received
20200066318,55UNITS OF CKD GENSET,LEGEND HOLDINGS CORP.,COSU6278873321,COSCO,CSLU6090093,40ft,02-Nov-20,03-Jan-21,Received
20200066318,55UNITS OF CKD GENSET,LEGEND HOLDINGS CORP.,COSU6278873321,COSCO,TEMU6190834,40ft,02-Nov-20,03-Jan-21,Received
20200066318,55UNITS OF CKD GENSET,LEGEND HOLDINGS CORP.,COSU6278873321,COSCO,TCNU2552513,40ft,02-Nov-20,03-Jan-21,Received
20200066318,55UNITS OF CKD GENSET,LEGEND HOLDINGS CORP.,COSU6278873321,COSCO,TGHU6538201,40ft,02-Nov-20,03-Jan-21,Received
20200066318,55UNITS OF CKD GENSET,LEGEND HOLDINGS CORP.,COSU6278873321,COSCO,TCNU2614153,40ft,02-Nov-20,03-Jan-21,Received
20200066318,55UNITS OF CKD GENSET,LEGEND HOLDINGS CORP.,COSU6278873321,COSCO,CSNU6669647,40ft,02-Nov-20,03-Jan-21,Received
20200066318,55UNITS OF CKD GENSET,LEGEND HOLDINGS CORP.,COSU6278873321,COSCO,OOLU9111527,40ft,02-Nov-20,03-Jan-21,Received
20200066318,SPARES FOR 135UNITS,LEGEND HOLDINGS CORP.,COSU6278873320,COSCO,CCLU7794970,40ft,26-Oct-20,19-Dec-20,Received
20200066318,1Unit 60kva & SPARES  ,LEGEND HOLDINGS CORP.,COSU6278873320,COSCO,OOCU7849583,40ft,26-Oct-20,19-Dec-20,Received
20200076174,2UNITS 1250 KVA CKD GENSET,LEGEND HOLDINGS CORP.,COSU6279532400,COSCO,CCLU7260953,40ft,02-Nov-20,03-Jan-21,Received
20200076174,2UNITS 1250 KVA CKD GENSET,LEGEND HOLDINGS CORP.,COSU6279532400,COSCO,FCIU9811204,40ft,02-Nov-20,03-Jan-21,Received
20200076174,2UNITS 1250 KVA CKD GENSET,LEGEND HOLDINGS CORP.,COSU6279532400,COSCO,TEMU7326714,40ft,02-Nov-20,03-Jan-21,Received
20200076174,79UNITS OF CKD GENSET,LEGEND HOLDINGS CORP.,COSU6282799290,COSCO,FSCU8464481,40ft,18-Dec-20,31-Jan-21,Received
20200076174,79UNITS OF CKD GENSET,LEGEND HOLDINGS CORP.,COSU6282799290,COSCO,BMOU1031625,20ft,18-Dec-20,31-Jan-21,Received
20200076174,79UNITS OF CKD GENSET,LEGEND HOLDINGS CORP.,COSU6282799290,COSCO,CSLU6344670,40ft,18-Dec-20,31-Jan-21,Received
20200076174,79UNITS OF CKD GENSET,LEGEND HOLDINGS CORP.,COSU6282799290,COSCO,CSNU6012457,40ft,18-Dec-20,31-Jan-21,Received
20200072349,61008 PIECES OF MINIATURE CIRCUIT BREAKERS,"HUAYU AUTOMOTIVE SYSTEMS CO., LTD.",NGRI00304500,PIL,PCIU9006720,40ft,04-Oct-20,25-Nov-20,Received
20200082855,6190 PIECES OF AUTOMATIC CIRCUIT BREAKER & EMPTY PANEL BOARDS,"HUAYU AUTOMOTIVE SYSTEMS CO., LTD.",NGRI00304500,PIL,PCIU9006720,40ft,04-Oct-20,25-Nov-20,Received
20200032140,4 UNITS OF HORIZONTAL LT-HT RADIATOR,"HUAYU AUTOMOTIVE SYSTEMS CO., LTD.",S319200836,GRIMALDI,GCNU4685066,40ft,09-Nov-20,09-Dec-20,Received
20200032140,4 UNITS OF HORIZONTAL LT-HT RADIATOR,"HUAYU AUTOMOTIVE SYSTEMS CO., LTD.",S319200836,GRIMALDI,ACLU9770608,40ft,09-Nov-20,09-Dec-20,Received
20200079633,"5 UNITS OF RADIATORS HORIZONTAL REMOTE, V-TYPE LT-HT","HUAYU AUTOMOTIVE SYSTEMS CO., LTD.",S319233593,GRIMALDI,ACLU9698714,40ft,12-Dec-20,31-Jan-21,Received
20200079633,"5 UNITS OF RADIATORS HORIZONTAL REMOTE, V-TYPE LT-HT","HUAYU AUTOMOTIVE SYSTEMS CO., LTD.",S319233593,GRIMALDI,ACLU9660431,40ft,12-Dec-20,31-Jan-21,Received
20200081144,4 SETS OF VERTICAL PACKING MACHINE WITH ACC.,CHINA SOUTHERN AIRLINES CO. LTD.,HLCUZS12011AOUS1,HAPAG,HLBU1472074,40ft,14-Nov-20,31-Jan-21,Received
20200081144,4 SETS OF VERTICAL PACKING MACHINE WITH ACC.,CHINA SOUTHERN AIRLINES CO. LTD.,HLCUZS12011AOUS1,HAPAG,UACU8345921,40ft,14-Nov-20,31-Jan-21,Received
20200081144,4 SETS OF VERTICAL PACKING MACHINE WITH ACC.,CHINA SOUTHERN AIRLINES CO. LTD.,HLCUZS12011AOUS1,HAPAG,TLLU2512580,20ft,14-Nov-20,31-Jan-21,Received
20200086534,TRACTOR EXCAVATOR,ALIBABA GROUP HOLDING LTD.,HLCUNG12009BNEO6,HAPAG,HLBU3133167,40ft,07-Oct-20,18-Dec-20,Received
20200086534,TRACTOR EXCAVATOR,ALIBABA GROUP HOLDING LTD.,HLCUNG12009BNEO6,HAPAG,HLBU3140037,40ft,07-Oct-20,18-Dec-20,Received
20200086534,TRACTOR EXCAVATOR,ALIBABA GROUP HOLDING LTD.,HLCUNG12009BNEO6,HAPAG,HLXU8376300,40ft,07-Oct-20,18-Dec-20,Received
20200086534,TRACTOR EXCAVATOR,ALIBABA GROUP HOLDING LTD.,HLCUNG12009BNEO6,HAPAG,HLBU3140572,40ft,07-Oct-20,18-Dec-20,Received
20200086812,"200129 VARIOUS ITEMS IN (M2, PE, M & KG)",ZHONGSHENG GROUP HOLDINGS LTD.,ISB0537305,CMA,TCLU6706630,40ft,02-Nov-20,07-Jan-21,Received
20200086812,"200129 VARIOUS ITEMS IN (M2, PE, M & KG)",ZHONGSHENG GROUP HOLDINGS LTD.,ISB0537305,CMA,APHU6522354 ,40ft,02-Nov-20,07-Jan-21,Received
20200089363,2UNITS OF DIESEL GENSETS (1500 KVA) MTU 12V4000 DS1650,"XIAMEN XIANGYU CO., LTD.",MEDUGH934069,MSC,FFAU2221981,40ft,27-Oct-20,11-Dec-20,Received
20200032809,2UNITS OF GAS VENDER,CHINA PETROLEUM & CHEMICAL CORP.,MEDUGL006343,MSC,MEDU7263510,40ft,03-Nov-20,11-Dec-20,Received
20200032809,2UNITS OF GAS VENDER,CHINA PETROLEUM & CHEMICAL CORP.,MEDUGL006343,MSC,TLLU5136357,40ft,03-Nov-20,11-Dec-20,Received
20200032809,2UNITS OF GAS VENDER,CHINA PETROLEUM & CHEMICAL CORP.,MEDUGL006319,MSC,MEDU8654850,40ft,03-Nov-20,11-Dec-20,Received
20200032809,2UNITS OF GAS VENDER,CHINA PETROLEUM & CHEMICAL CORP.,MEDUGL006319,MSC,MEDU8816420,40ft,03-Nov-20,11-Dec-20,Received
20200032809,2UNITS OF GAS VENDER,CHINA PETROLEUM & CHEMICAL CORP.,MEDUGL006319,MSC,INKU6578256,40ft,03-Nov-20,11-Dec-20,Received
20200093055,41 SETS OF ALTERNATORS,TENCENT HOLDINGS LTD.,FOMF00083800,PIL,PCIU1150520,20ft,02-Nov-20,25-Dec-20,Received
20200096645,871 UNITS OF VARIOUS ELECTRICAL SPARES PARTS,"SINOPHARM GROUP CO., LT",OOLU2650550060,OOCL,TRHU3196175,20ft,12-Nov-20,28-Jan-20,Received
20200097206,NROBING POLISHING MACHINE,"SHANGHAI CONSTRUCTION GROUP CO., LTD.",GOSUSNH20162431,GSLL,TCNU2500090,40ft,28-Sep-20,01-Dec-20,Received
20200098781,19050 PIECES OF VARIOUS CKD GENSET SPARE,"HUANENG POWER INTERNATIONAL, INC.",MAEU206005052,MAERSK,MRKU5782077,40ft,10-Nov-20,12-Jan-21,Received
20200112738,1UNIT OF TRANSPORT CONSTRUCTION EQUPMENT,"GD POWER DEVELOPMENT CO., LTD.",S319367767,GRIMALDI,FSCU8510714,20ft,19-Nov-20,12-Dec-20,Received
20200113452,TRACTOR EXCAVATOR,FOSUN INTERNATIONAL LTD.,ASM20101769,GRIMALDI,TRUCKS,U,25-Nov-20,08-Jan-21,Received
20200017010,DIESEL GENERATING SET  ENGINGE 15KVA,"POWER CONSTRUCTION CORPORATION OF CHINA, LTD.",S318897807,GRIMALDI,GCNU4711268,40ft,23-Aug-20,08-Sep-20,Received
20200017010,DIESEL GENERATING SET  ENGINGE 15KVA,"POWER CONSTRUCTION CORPORATION OF CHINA, LTD.",S318897807,GRIMALDI,GCNU4761551,40ft,23-Aug-20,08-Sep-20,Received
20200017010,DIESEL GENERATING SET  ENGINGE 15KVA,"POWER CONSTRUCTION CORPORATION OF CHINA, LTD.",S318897807,GRIMALDI,ACLU9706424,40ft,23-Aug-20,08-Sep-20,Received
20200017010,DIESEL GENERATING SET  ENGINGE 15KVA,"POWER CONSTRUCTION CORPORATION OF CHINA, LTD.",S318897807,GRIMALDI,ACLU9776479,40ft,23-Aug-20,08-Sep-20,Received
20200017010,DIESEL GENERATING SET  ENGINGE 15KVA,"POWER CONSTRUCTION CORPORATION OF CHINA, LTD.",S318897807,GRIMALDI,GCNU4737489,40ft,23-Aug-20,08-Sep-20,Received
20200017010,DIESEL GENERATING SET  ENGINGE 15KVA,"POWER CONSTRUCTION CORPORATION OF CHINA, LTD.",S318897807,GRIMALDI,ACLU9656149,40ft,23-Aug-20,08-Sep-20,Received
20200017010,DIESEL GENERATING SET  ENGINGE 15KVA,"POWER CONSTRUCTION CORPORATION OF CHINA, LTD.",S318897807,GRIMALDI,ACLU9710403,40ft,23-Aug-20,08-Sep-20,Received
20200034945,DIESEL GENERATING SET  ENGINGE 15KVA,"POWER CONSTRUCTION CORPORATION OF CHINA, LTD.",S318913957,GRIMALDI,ACLU9727962,40ft,29-Aug-20,25-Sep-20,Received
20200034945,DIESEL GENERATING SET  ENGINGE 15KVA,"POWER CONSTRUCTION CORPORATION OF CHINA, LTD.",S318913957,GRIMALDI,ACLU9770450,40ft,29-Aug-20,25-Sep-20,Received
20200034945,DIESEL GENERATING SET  ENGINGE 15KVA,"POWER CONSTRUCTION CORPORATION OF CHINA, LTD.",S318913957,GRIMALDI,ACLU9675025,40ft,29-Aug-20,25-Sep-20,Received
20200034945,DIESEL GENERATING SET  ENGINGE 15KVA,"POWER CONSTRUCTION CORPORATION OF CHINA, LTD.",S318913957,GRIMALDI,GCNU4752415,40ft,29-Aug-20,25-Sep-20,Received
20200034945,DIESEL GENERATING SET  ENGINGE 15KVA,"POWER CONSTRUCTION CORPORATION OF CHINA, LTD.",S318913957,GRIMALDI,ACLU9771918,40ft,29-Aug-20,25-Sep-20,Received
20200034945,DIESEL GENERATING SET  ENGINGE 15KVA,"POWER CONSTRUCTION CORPORATION OF CHINA, LTD.",S318913957,GRIMALDI,GCNU4702121,40ft,29-Aug-20,25-Sep-20,Received
20200034945,DIESEL GENERATING SET  ENGINGE 15KVA,"POWER CONSTRUCTION CORPORATION OF CHINA, LTD.",S318913957,GRIMALDI,GCNU4747738,40ft,29-Aug-20,25-Sep-20,Received
20200034945,DIESEL GENERATING SET  ENGINGE 15KVA,"POWER CONSTRUCTION CORPORATION OF CHINA, LTD.",S318913957,GRIMALDI,GCNU4706981,40ft,29-Aug-20,25-Sep-20,Received
20200034945,DIESEL GENERATING SET  ENGINGE 15KVA,"POWER CONSTRUCTION CORPORATION OF CHINA, LTD.",S318913957,GRIMALDI,ACLU9670569,40ft,29-Aug-20,25-Sep-20,Received
20200017010,DIESEL GENERATING SET  ENGINGE 15KVA,"POWER CONSTRUCTION CORPORATION OF CHINA, LTD.",S318924015,GRIMALDI,ACLU9730890,40ft,30-Aug-20,15-Sep-20,Received
20200017010,DIESEL GENERATING SET  ENGINGE 15KVA,"POWER CONSTRUCTION CORPORATION OF CHINA, LTD.",S318977122,GRIMALDI,GCNU4725256,40ft,12-Sep-20,07-Oct-20,Received
20200017010,DIESEL GENERATING SET  ENGINGE 15KVA,"POWER CONSTRUCTION CORPORATION OF CHINA, LTD.",S319025235,GRIMALDI,ACLU9752163,40ft,18-Sep-20,13-Oct-20,Received
20200017010,DIESEL GENERATING SET  ENGINGE 15KVA,"POWER CONSTRUCTION CORPORATION OF CHINA, LTD.",S319062227,GRIMALDI,GCNU4682410,40ft,26-Sep-20,25-Oct-20,Received
20200017010,DIESEL GENERATING SET  ENGINGE 15KVA,"POWER CONSTRUCTION CORPORATION OF CHINA, LTD.",S319062227,GRIMALDI,GCNU4725600,40ft,26-Sep-20,25-Oct-20,Received
20200017010,DIESEL GENERATING SET  ENGINGE 15KVA,"POWER CONSTRUCTION CORPORATION OF CHINA, LTD.",S319062227,GRIMALDI,CAIU8826460,40ft,26-Sep-20,25-Oct-20,Received
20200017010,DIESEL GENERATING SET  ENGINGE 15KVA,"POWER CONSTRUCTION CORPORATION OF CHINA, LTD.",S319062227,GRIMALDI,GCNU4762244,40ft,26-Sep-20,25-Oct-20,Received
20200034945,DIESEL GENERATING SET  ENGINGE 15KVA,"POWER CONSTRUCTION CORPORATION OF CHINA, LTD.",MAEU911266902,MAERSK,MRKU9179626,40ft,11-Oct-20,09-Dec-20,Received
20200034945,DIESEL GENERATING SET  ENGINGE 15KVA,"POWER CONSTRUCTION CORPORATION OF CHINA, LTD.",MAEU911266902,MAERSK,MRKU4070294,20ft,11-Oct-20,09-Dec-20,Received
20200017010,DIESEL GENERATING SET  ENGINGE 15KVA,"POWER CONSTRUCTION CORPORATION OF CHINA, LTD.",S319183062,GRIMALDI,GCNU4696184,40ft,16-Oct-20,15-Nov-20,Received
20200017010,DIESEL GENERATING SET  ENGINGE 15KVA,"POWER CONSTRUCTION CORPORATION OF CHINA, LTD.",S319183062,GRIMALDI,CAIU8262307,40ft,16-Oct-20,15-Nov-20,Received
20200034945,DIESEL GENERATING SET  ENGINGE 15KVA,"POWER CONSTRUCTION CORPORATION OF CHINA, LTD.",S319216209,GRIMALDI,ACLU9686544,40ft,24-Oct-20,12-Dec-20,Received
20200034945,DIESEL GENERATING SET  ENGINGE 15KVA,"POWER CONSTRUCTION CORPORATION OF CHINA, LTD.",S319216209,GRIMALDI,ACLU9787920,40ft,24-Oct-20,12-Dec-20,Received
20200034945,DIESEL GENERATING SET  ENGINGE 15KVA,"POWER CONSTRUCTION CORPORATION OF CHINA, LTD.",S319216209,GRIMALDI,ACLU9779950,40ft,24-Oct-20,12-Dec-20,Received
20200094381,DIESEL GENERATING SET  ENGINGE 15KVA,"POWER CONSTRUCTION CORPORATION OF CHINA, LTD.",S319293549,GRIMALDI,SEGU4096720,40ft,06-Nov-20,28-Nov-20,Received
20200094381,DIESEL GENERATING SET  ENGINGE 15KVA,"POWER CONSTRUCTION CORPORATION OF CHINA, LTD.",S319293549,GRIMALDI,GCNU4707524,40ft,06-Nov-20,28-Nov-20,Received
20200094381,DIESEL GENERATING SET  ENGINGE 15KVA,"POWER CONSTRUCTION CORPORATION OF CHINA, LTD.",S319293549,GRIMALDI,GCNU4740190,40ft,06-Nov-20,28-Nov-20,Received
20200094381,DIESEL GENERATING SET  ENGINGE 15KVA,"POWER CONSTRUCTION CORPORATION OF CHINA, LTD.",S319293549,GRIMALDI,GCNU4770229,40ft,06-Nov-20,28-Nov-20,Received
20200101589,DIESEL GENERATING SET  ENGINGE 15KVA,"POWER CONSTRUCTION CORPORATION OF CHINA, LTD.",S319325540,GRIMALDI,GCNU4775895,40ft,14-Nov-20,09-Dec-20,Received
20200101589,DIESEL GENERATING SET  ENGINGE 15KVA,"POWER CONSTRUCTION CORPORATION OF CHINA, LTD.",S319325540,GRIMALDI,GCNU4680090,40ft,14-Nov-20,09-Dec-20,Received
20200101589,DIESEL GENERATING SET  ENGINGE 15KVA,"POWER CONSTRUCTION CORPORATION OF CHINA, LTD.",S319325540,GRIMALDI,WFHU5169604,40ft,14-Nov-20,09-Dec-20,Received
20200101589,DIESEL GENERATING SET  ENGINGE 15KVA,"POWER CONSTRUCTION CORPORATION OF CHINA, LTD.",S319325540,GRIMALDI,ACLU9694093,40ft,14-Nov-20,09-Dec-20,Received
20200101589,DIESEL GENERATING SET  ENGINGE 15KVA,"POWER CONSTRUCTION CORPORATION OF CHINA, LTD.",S319325540,GRIMALDI,ACLU9706825,40ft,14-Nov-20,09-Dec-20,Received
20200101589,DIESEL GENERATING SET  ENGINGE 15KVA,"POWER CONSTRUCTION CORPORATION OF CHINA, LTD.",S319325540,GRIMALDI,FCIU9791026,40ft,14-Nov-20,09-Dec-20,Received
20200101589,DIESEL GENERATING SET  ENGINGE 15KVA,"POWER CONSTRUCTION CORPORATION OF CHINA, LTD.",S319325540,GRIMALDI,ACLU9750710,40ft,14-Nov-20,09-Dec-20,Received
20200101589,DIESEL GENERATING SET  ENGINGE 15KVA,"POWER CONSTRUCTION CORPORATION OF CHINA, LTD.",S319364075,GRIMALDI,TCLU8578837,40ft,23-Nov-20,12-Dec-20,Received
20200101589,DIESEL GENERATING SET  ENGINGE 15KVA,"POWER CONSTRUCTION CORPORATION OF CHINA, LTD.",S319364075,GRIMALDI,ACLU9736753,40ft,23-Nov-20,12-Dec-20,Received
20200101589,DIESEL GENERATING SET  ENGINGE 15KVA,"POWER CONSTRUCTION CORPORATION OF CHINA, LTD.",S319364075,GRIMALDI,ACLU9696250,40ft,23-Nov-20,12-Dec-20,Received
20200101589,DIESEL GENERATING SET  ENGINGE 15KVA,"POWER CONSTRUCTION CORPORATION OF CHINA, LTD.",S319364075,GRIMALDI,ACLU9735335,40ft,23-Nov-20,12-Dec-20,Received
20200101589,DIESEL GENERATING SET  ENGINGE 15KVA,"POWER CONSTRUCTION CORPORATION OF CHINA, LTD.",S319364075,GRIMALDI,ACLU9715004,40ft,23-Nov-20,12-Dec-20,Received
20200101589,DIESEL GENERATING SET  ENGINGE 15KVA,"POWER CONSTRUCTION CORPORATION OF CHINA, LTD.",S319364075,GRIMALDI,ACLU9706297,40ft,23-Nov-20,12-Dec-20,Received
20200101589,DIESEL GENERATING SET  ENGINGE 15KVA,"POWER CONSTRUCTION CORPORATION OF CHINA, LTD.",S319364075,GRIMALDI,ACLU9751790,40ft,23-Nov-20,12-Dec-20,Received
20200101589,DIESEL GENERATING SET  ENGINGE 15KVA,"POWER CONSTRUCTION CORPORATION OF CHINA, LTD.",S319364075,GRIMALDI,ACLU9790815,40ft,23-Nov-20,12-Dec-20,Received
20200101589,DIESEL GENERATING SET  ENGINGE 15KVA,"POWER CONSTRUCTION CORPORATION OF CHINA, LTD.",S319364075,GRIMALDI,GCNU4702100,40ft,23-Nov-20,12-Dec-20,Received
20200101589,DIESEL GENERATING SET  ENGINGE 15KVA,"POWER CONSTRUCTION CORPORATION OF CHINA, LTD.",S319384548,GRIMALDI,TEMU6982976,40ft,22-Nov-20,09-Dec-20,Received
20200101589,DIESEL GENERATING SET  ENGINGE 15KVA,"POWER CONSTRUCTION CORPORATION OF CHINA, LTD.",S319406250,GRIMALDI,GCNU4731095,40ft,29-Nov-20,24-Dec-20,Received
20200101589,DIESEL GENERATING SET  ENGINGE 15KVA,"POWER CONSTRUCTION CORPORATION OF CHINA, LTD.",S319406250,GRIMALDI,GCNU4789878,40ft,29-Nov-20,24-Dec-20,Received
20200101589,DIESEL GENERATING SET  ENGINGE 15KVA,"POWER CONSTRUCTION CORPORATION OF CHINA, LTD.",S319406250,GRIMALDI,ACLU9657401,40ft,29-Nov-20,24-Dec-20,Received
20200101589,DIESEL GENERATING SET  ENGINGE 15KVA,"POWER CONSTRUCTION CORPORATION OF CHINA, LTD.",S319406250,GRIMALDI,GCNU4735064,40ft,29-Nov-20,24-Dec-20,Received
20200101589,DIESEL GENERATING SET  ENGINGE 15KVA,"POWER CONSTRUCTION CORPORATION OF CHINA, LTD.",MAEU206857386,MAERSK,MRSU3403670,40ft,10-Dec-20,08-Jan-21,Received
20200101589,DIESEL GENERATING SET  ENGINGE 15KVA,"POWER CONSTRUCTION CORPORATION OF CHINA, LTD.",MAEU206857386,MAERSK,MRSU3379110,40ft,10-Dec-20,08-Jan-21,Received
20200101589,DIESEL GENERATING SET  ENGINGE 15KVA,"POWER CONSTRUCTION CORPORATION OF CHINA, LTD.",MAEU206857386,MAERSK,MRKU9653592,20ft,10-Dec-20,08-Jan-21,Received
20200085145,DIESEL GENERATING SET  ENGINGE 15KVA,"POWER CONSTRUCTION CORPORATION OF CHINA, LTD.",S319330854,GRIMALDI,ACLU2807243,20ft,14-Nov-20,05-Dec-20,Received
20200085145,DIESEL GENERATING SET  ENGINGE 15KVA,"POWER CONSTRUCTION CORPORATION OF CHINA, LTD.",S319330854,GRIMALDI,TCLU8583406,40ft,14-Nov-20,05-Dec-20,Received
20200127946,DIESEL GENERATING SET  ENGINGE 15KVA,"POWER CONSTRUCTION CORPORATION OF CHINA, LTD.",HLCUHAM201174657,HAPAG,TGHU6144825,40ft,22-Nov-20,15-Dec-20,Received
20200127946,DIESEL GENERATING SET  ENGINGE 15KVA,"POWER CONSTRUCTION CORPORATION OF CHINA, LTD.",HLCUHAM201174680,HAPAG,CAAU2095940,20ft,22-Nov-20,08-Jan-21,Received
20200114244,DIESEL GENERATING SET  ENGINGE 15KVA,"POWER CONSTRUCTION CORPORATION OF CHINA, LTD.",S319271485,GRIMALDI,GCNU4714760,40ft,12-Dec-20,08-Jan-21,Received
20200114244,DIESEL GENERATING SET  ENGINGE 15KVA,"POWER CONSTRUCTION CORPORATION OF CHINA, LTD.",S319271485,GRIMALDI,ACLU9757653,40ft,12-Dec-20,08-Jan-21,Received
20200082372,DIESEL GENERATING SET  ENGINGE 15KVA,"SHANGHAI ELECTRIC GROUP CO., LTD.",HLCUHAM4154174680,HAPAG,CAAU50095940,40ft,22-Nov-20,09-Dec-20,Received
20200069908,2 UNITS OF NONWOVEN FABRIC RAW MATERIALS,"SHANGHAI ELECTRIC GROUP CO., LTD.",MAEU2186747386,MAERSK,MRSU341670,40ft,29-Nov-20,24-Dec-20,Received
20200040299,PLASTICS SYRINGES RAW MATRIALS,"SUNING.COM CO., LTD.",S31FGF406250,GRIMALDI,ACLU94557453,40ft,29-Nov-20,24-Dec-20,Received
20200040299,PLASTICS SYRINGES RAW MATRIALS,"SUNING.COM CO., LTD.",S31FGF406250,GRIMALDI,ACLU86936753,40ft,29-Nov-20,24-Dec-20,Received
20200052650,7 UNITS OF FULL AUTOMATIC BLISTER,"SUNING.COM CO., LTD.",S31FGF406250,GRIMALDI,ACLU45496250,40ft,29-Nov-20,24-Dec-20,Received
